id,date,timestamp,level,status,method,host,pathname,event_message,headers,regions,log_type,latency,log_count,logs,auth_user
37abd87b-2ffc-4f0d-bbd4-0ec406bc7d41,"""2026-07-17T14:55:01.075Z""",2026-07-17T14:55:01.075370,success,200,,,,"Failed to load the schema cache using db-schemas=pg_pgrst_no_exposed_schemas and db-extra-search-path=public,extensions. {""code"":""3F000"",""details"":null,""hint"":null,""message"":""schema \""pg_pgrst_no_exposed_schemas\"" does not exist""}",{},[],postgrest,0,null,[],null
3244da47-4c09-4579-b620-be118ffaa765,"""2026-07-17T14:55:01.050Z""",2026-07-17T14:55:01.050221,success,200,,,,Config reloaded,{},[],postgrest,0,null,[],null
8bda1426-57b7-495d-ad26-0b909a3fbd43,"""2026-07-17T14:55:01.004Z""",2026-07-17T14:55:01.004313,success,200,,,,Connection Pool initialized with a maximum size of 10 connections,{},[],postgrest,0,null,[],null
180127de-f2fb-4d34-b5de-f2c9865d81e9,"""2026-07-17T14:55:01.003Z""",2026-07-17T14:55:01.003226,success,200,,,,"Successfully connected to PostgreSQL 17.6 on x86_64-pc-linux-gnu, compiled by gcc (GCC) 15.2.0, 64-bit",{},[],postgrest,0,null,[],null
2c7c5f34-99fb-431c-9dea-3555f02a73d4,"""2026-07-17T14:55:00.904Z""",2026-07-17T14:55:00.904421,success,200,,,,Attempting to reconnect to the database in 32 seconds...,{},[],postgrest,0,null,[],null
62bc8d15-6ded-4972-8d2f-e0085a727660,"""2026-07-17T14:54:28.871Z""",2026-07-17T14:54:28.871353,success,200,,,,"Failed to load the schema cache using db-schemas=pg_pgrst_no_exposed_schemas and db-extra-search-path=public,extensions. {""code"":""3F000"",""details"":null,""hint"":null,""message"":""schema \""pg_pgrst_no_exposed_schemas\"" does not exist""}",{},[],postgrest,0,null,[],null
f4896dce-bfbf-4fc6-baec-e56c73b5b794,"""2026-07-17T14:54:28.857Z""",2026-07-17T14:54:28.857776,success,200,,,,Config reloaded,{},[],postgrest,0,null,[],null
6176c062-0a18-48fe-b67b-3015cb76e13f,"""2026-07-17T14:54:28.850Z""",2026-07-17T14:54:28.850324,success,200,,,,"Successfully connected to PostgreSQL 17.6 on x86_64-pc-linux-gnu, compiled by gcc (GCC) 15.2.0, 64-bit",{},[],postgrest,0,null,[],null
f81f3e26-9166-4b94-b106-eb370565358e,"""2026-07-17T14:54:28.850Z""",2026-07-17T14:54:28.850324,success,200,,,,Connection Pool initialized with a maximum size of 10 connections,{},[],postgrest,0,null,[],null
46d20def-9723-48ae-85f4-d315732f2f79,"""2026-07-17T14:54:28.838Z""",2026-07-17T14:54:28.838998,success,200,,,,Attempting to reconnect to the database in 32 seconds...,{},[],postgrest,0,null,[],null
017e09a2-6796-4e02-806c-13f0a14adb83,"""2026-07-17T14:53:56.836Z""",2026-07-17T14:53:56.836970,success,200,,,,"Failed to load the schema cache using db-schemas=pg_pgrst_no_exposed_schemas and db-extra-search-path=public,extensions. {""code"":""3F000"",""details"":null,""hint"":null,""message"":""schema \""pg_pgrst_no_exposed_schemas\"" does not exist""}",{},[],postgrest,0,null,[],null
e678ebba-13a5-4c7b-ac82-38dd721bd0df,"""2026-07-17T14:53:56.822Z""",2026-07-17T14:53:56.822885,success,200,,,,Config reloaded,{},[],postgrest,0,null,[],null
5c224db9-c878-4b9e-b149-35babc88f1b7,"""2026-07-17T14:53:56.815Z""",2026-07-17T14:53:56.815145,success,200,,,,Connection Pool initialized with a maximum size of 10 connections,{},[],postgrest,0,null,[],null
6572d251-7572-4a98-98aa-f7b7433c2137,"""2026-07-17T14:53:56.814Z""",2026-07-17T14:53:56.814835,success,200,,,,"Successfully connected to PostgreSQL 17.6 on x86_64-pc-linux-gnu, compiled by gcc (GCC) 15.2.0, 64-bit",{},[],postgrest,0,null,[],null
9a252261-8af4-45ad-bcc9-81ca719c040c,"""2026-07-17T14:53:56.803Z""",2026-07-17T14:53:56.803566,success,200,,,,Attempting to reconnect to the database in 32 seconds...,{},[],postgrest,0,null,[],null
975fae5b-af19-46e5-8194-518663c713a3,"""2026-07-17T14:53:24.801Z""",2026-07-17T14:53:24.801804,success,200,,,,"Failed to load the schema cache using db-schemas=pg_pgrst_no_exposed_schemas and db-extra-search-path=public,extensions. {""code"":""3F000"",""details"":null,""hint"":null,""message"":""schema \""pg_pgrst_no_exposed_schemas\"" does not exist""}",{},[],postgrest,0,null,[],null
4d072f13-5e75-4443-84e2-4f1ee6025349,"""2026-07-17T14:53:24.788Z""",2026-07-17T14:53:24.788102,success,200,,,,Config reloaded,{},[],postgrest,0,null,[],null
ef8b528b-968f-4fba-b2b5-3dfc5dbe5964,"""2026-07-17T14:53:24.780Z""",2026-07-17T14:53:24.780842,success,200,,,,Connection Pool initialized with a maximum size of 10 connections,{},[],postgrest,0,null,[],null
c96ac3fb-8721-4346-a0cc-6e630f223f64,"""2026-07-17T14:53:24.780Z""",2026-07-17T14:53:24.780842,success,200,,,,"Successfully connected to PostgreSQL 17.6 on x86_64-pc-linux-gnu, compiled by gcc (GCC) 15.2.0, 64-bit",{},[],postgrest,0,null,[],null
b57bf872-a938-47bc-90a6-fa90e6e11ad5,"""2026-07-17T14:53:24.770Z""",2026-07-17T14:53:24.770041,success,200,,,,Attempting to reconnect to the database in 32 seconds...,{},[],postgrest,0,null,[],null
9ed7a659-a668-4cd1-99c2-b2ef317c9b14,"""2026-07-17T14:52:52.768Z""",2026-07-17T14:52:52.768372,success,200,,,,"Failed to load the schema cache using db-schemas=pg_pgrst_no_exposed_schemas and db-extra-search-path=public,extensions. {""code"":""3F000"",""details"":null,""hint"":null,""message"":""schema \""pg_pgrst_no_exposed_schemas\"" does not exist""}",{},[],postgrest,0,null,[],null
474171e1-6597-474c-bea1-d03ebe3aafa3,"""2026-07-17T14:52:52.753Z""",2026-07-17T14:52:52.753950,success,200,,,,Config reloaded,{},[],postgrest,0,null,[],null
e79132d3-659c-48b0-bf8b-062b51b4183e,"""2026-07-17T14:52:52.746Z""",2026-07-17T14:52:52.746216,success,200,,,,"Successfully connected to PostgreSQL 17.6 on x86_64-pc-linux-gnu, compiled by gcc (GCC) 15.2.0, 64-bit",{},[],postgrest,0,null,[],null
c509497a-978f-4e24-a02f-563d513306c4,"""2026-07-17T14:52:52.746Z""",2026-07-17T14:52:52.746216,success,200,,,,Connection Pool initialized with a maximum size of 10 connections,{},[],postgrest,0,null,[],null
3bd35a6e-5432-43f7-bed1-29571be7de80,"""2026-07-17T14:52:52.735Z""",2026-07-17T14:52:52.735328,success,200,,,,Attempting to reconnect to the database in 32 seconds...,{},[],postgrest,0,null,[],null
151a048e-336c-40bd-9551-4ce1ee3cc581,"""2026-07-17T14:52:20.733Z""",2026-07-17T14:52:20.733881,success,200,,,,"Failed to load the schema cache using db-schemas=pg_pgrst_no_exposed_schemas and db-extra-search-path=public,extensions. {""code"":""3F000"",""details"":null,""hint"":null,""message"":""schema \""pg_pgrst_no_exposed_schemas\"" does not exist""}",{},[],postgrest,0,null,[],null
b749561f-5835-4684-8045-85cdef209f78,"""2026-07-17T14:52:20.720Z""",2026-07-17T14:52:20.720826,success,200,,,,Config reloaded,{},[],postgrest,0,null,[],null
8fb9dfe5-f970-4d97-bde3-cc8e898ee94b,"""2026-07-17T14:52:20.713Z""",2026-07-17T14:52:20.713393,success,200,,,,"Successfully connected to PostgreSQL 17.6 on x86_64-pc-linux-gnu, compiled by gcc (GCC) 15.2.0, 64-bit",{},[],postgrest,0,null,[],null
e4cf1f91-1781-4219-8a97-abc41638a72d,"""2026-07-17T14:52:20.713Z""",2026-07-17T14:52:20.713393,success,200,,,,Connection Pool initialized with a maximum size of 10 connections,{},[],postgrest,0,null,[],null
d580b60c-619e-4413-a9d9-9024c35afa92,"""2026-07-17T14:52:20.700Z""",2026-07-17T14:52:20.700363,success,200,,,,Attempting to reconnect to the database in 32 seconds...,{},[],postgrest,0,null,[],null
d1d81e8e-faa4-4bef-b485-032f69a0d11c,"""2026-07-17T14:51:48.699Z""",2026-07-17T14:51:48.699511,success,200,,,,"Failed to load the schema cache using db-schemas=pg_pgrst_no_exposed_schemas and db-extra-search-path=public,extensions. {""code"":""3F000"",""details"":null,""hint"":null,""message"":""schema \""pg_pgrst_no_exposed_schemas\"" does not exist""}",{},[],postgrest,0,null,[],null
cb7182a0-8883-4a49-a59f-e8ba08fdb9c2,"""2026-07-17T14:51:48.686Z""",2026-07-17T14:51:48.686149,success,200,,,,Config reloaded,{},[],postgrest,0,null,[],null
3c74bbe8-4b20-46c8-baf4-e85577cfe9b3,"""2026-07-17T14:51:48.678Z""",2026-07-17T14:51:48.678961,success,200,,,,Connection Pool initialized with a maximum size of 10 connections,{},[],postgrest,0,null,[],null
039d135a-8688-48ce-853f-b19c643ce6a3,"""2026-07-17T14:51:48.678Z""",2026-07-17T14:51:48.678961,success,200,,,,"Successfully connected to PostgreSQL 17.6 on x86_64-pc-linux-gnu, compiled by gcc (GCC) 15.2.0, 64-bit",{},[],postgrest,0,null,[],null
5256e3e7-1d1a-4f3e-ac5d-b348a946dcac,"""2026-07-17T14:51:48.668Z""",2026-07-17T14:51:48.668066,success,200,,,,Attempting to reconnect to the database in 32 seconds...,{},[],postgrest,0,null,[],null
9a80542c-4e97-4b4a-82c3-6c65c9ba42f7,"""2026-07-17T14:51:16.666Z""",2026-07-17T14:51:16.666616,success,200,,,,"Failed to load the schema cache using db-schemas=pg_pgrst_no_exposed_schemas and db-extra-search-path=public,extensions. {""code"":""3F000"",""details"":null,""hint"":null,""message"":""schema \""pg_pgrst_no_exposed_schemas\"" does not exist""}",{},[],postgrest,0,null,[],null
bd6882d3-edec-4b56-a6f9-14550e33cc4a,"""2026-07-17T14:51:16.653Z""",2026-07-17T14:51:16.653607,success,200,,,,Config reloaded,{},[],postgrest,0,null,[],null
5f38fb2c-56ac-4d53-923e-fc3b7f27e7a4,"""2026-07-17T14:51:16.646Z""",2026-07-17T14:51:16.646528,success,200,,,,"Successfully connected to PostgreSQL 17.6 on x86_64-pc-linux-gnu, compiled by gcc (GCC) 15.2.0, 64-bit",{},[],postgrest,0,null,[],null
6c570111-5a83-4bbd-81c9-8e3a90900cb8,"""2026-07-17T14:51:16.646Z""",2026-07-17T14:51:16.646528,success,200,,,,Connection Pool initialized with a maximum size of 10 connections,{},[],postgrest,0,null,[],null
f7df8b55-a42a-44b7-a1f1-409cc645b80f,"""2026-07-17T14:51:16.635Z""",2026-07-17T14:51:16.635727,success,200,,,,Attempting to reconnect to the database in 32 seconds...,{},[],postgrest,0,null,[],null
2e152722-3f1f-4c9b-b6b0-402812e7d97d,"""2026-07-17T14:50:44.633Z""",2026-07-17T14:50:44.633700,success,200,,,,"Failed to load the schema cache using db-schemas=pg_pgrst_no_exposed_schemas and db-extra-search-path=public,extensions. {""code"":""3F000"",""details"":null,""hint"":null,""message"":""schema \""pg_pgrst_no_exposed_schemas\"" does not exist""}",{},[],postgrest,0,null,[],null
19701999-4f2c-4f7d-ba4b-2cfa5df25974,"""2026-07-17T14:50:44.620Z""",2026-07-17T14:50:44.620586,success,200,,,,Config reloaded,{},[],postgrest,0,null,[],null
1a2bcfbe-e50d-4488-a2be-058bd142c0bd,"""2026-07-17T14:50:44.613Z""",2026-07-17T14:50:44.613283,success,200,,,,Connection Pool initialized with a maximum size of 10 connections,{},[],postgrest,0,null,[],null
616f57cb-73ea-496f-8e4a-79b46e0dce8a,"""2026-07-17T14:50:44.613Z""",2026-07-17T14:50:44.613283,success,200,,,,"Successfully connected to PostgreSQL 17.6 on x86_64-pc-linux-gnu, compiled by gcc (GCC) 15.2.0, 64-bit",{},[],postgrest,0,null,[],null
d1122bf4-539a-4c0e-a28c-01a6717d2e90,"""2026-07-17T14:50:44.602Z""",2026-07-17T14:50:44.602464,success,200,,,,Attempting to reconnect to the database in 32 seconds...,{},[],postgrest,0,null,[],null
37a9960d-b917-4f7e-b0c0-dcc16aadb53e,"""2026-07-17T14:50:12.600Z""",2026-07-17T14:50:12.600930,success,200,,,,"Failed to load the schema cache using db-schemas=pg_pgrst_no_exposed_schemas and db-extra-search-path=public,extensions. {""code"":""3F000"",""details"":null,""hint"":null,""message"":""schema \""pg_pgrst_no_exposed_schemas\"" does not exist""}",{},[],postgrest,0,null,[],null
0d06434a-859b-4afe-ab51-80f68a174bca,"""2026-07-17T14:50:12.587Z""",2026-07-17T14:50:12.587578,success,200,,,,Config reloaded,{},[],postgrest,0,null,[],null
c0cd08ab-7ae4-4411-b25d-5cae8f486fa7,"""2026-07-17T14:50:12.580Z""",2026-07-17T14:50:12.580328,success,200,,,,"Successfully connected to PostgreSQL 17.6 on x86_64-pc-linux-gnu, compiled by gcc (GCC) 15.2.0, 64-bit",{},[],postgrest,0,null,[],null
5d9248f8-ce50-4d54-9f6a-0014bf90cda7,"""2026-07-17T14:50:12.580Z""",2026-07-17T14:50:12.580328,success,200,,,,Connection Pool initialized with a maximum size of 10 connections,{},[],postgrest,0,null,[],null
35b1b366-5a24-447b-aacb-7934f59efb0c,"""2026-07-17T14:50:12.569Z""",2026-07-17T14:50:12.569303,success,200,,,,Attempting to reconnect to the database in 32 seconds...,{},[],postgrest,0,null,[],null
3b7eaeb8-0e22-49b7-9e40-9da6b9a51981,"""2026-07-17T14:49:40.567Z""",2026-07-17T14:49:40.567924,success,200,,,,"Failed to load the schema cache using db-schemas=pg_pgrst_no_exposed_schemas and db-extra-search-path=public,extensions. {""code"":""3F000"",""details"":null,""hint"":null,""message"":""schema \""pg_pgrst_no_exposed_schemas\"" does not exist""}",{},[],postgrest,0,null,[],null
c98e8250-02d4-4958-bbb2-dfed0066c4e1,"""2026-07-17T14:49:40.553Z""",2026-07-17T14:49:40.553704,success,200,,,,Config reloaded,{},[],postgrest,0,null,[],null
b95eabe6-5224-4396-9fd2-47b0a60feba9,"""2026-07-17T14:49:40.546Z""",2026-07-17T14:49:40.546272,success,200,,,,"Successfully connected to PostgreSQL 17.6 on x86_64-pc-linux-gnu, compiled by gcc (GCC) 15.2.0, 64-bit",{},[],postgrest,0,null,[],null
01cff6d9-3766-4d56-8d5b-3ff0c8c5ca6e,"""2026-07-17T14:49:40.546Z""",2026-07-17T14:49:40.546272,success,200,,,,Connection Pool initialized with a maximum size of 10 connections,{},[],postgrest,0,null,[],null
9387cd82-5f85-4508-9fe8-d58b3e3bf8fa,"""2026-07-17T14:49:40.535Z""",2026-07-17T14:49:40.535287,success,200,,,,Attempting to reconnect to the database in 32 seconds...,{},[],postgrest,0,null,[],null
30fb4aec-2ac2-4a7d-8d91-ab35eb80ddf2,"""2026-07-17T14:49:08.533Z""",2026-07-17T14:49:08.533509,success,200,,,,"Failed to load the schema cache using db-schemas=pg_pgrst_no_exposed_schemas and db-extra-search-path=public,extensions. {""code"":""3F000"",""details"":null,""hint"":null,""message"":""schema \""pg_pgrst_no_exposed_schemas\"" does not exist""}",{},[],postgrest,0,null,[],null
eedeb57d-16bd-43fb-abe5-e60a6dfdc5b7,"""2026-07-17T14:49:08.520Z""",2026-07-17T14:49:08.520563,success,200,,,,Config reloaded,{},[],postgrest,0,null,[],null
60a29ba1-43c6-4166-b25a-6b1f8739fb54,"""2026-07-17T14:49:08.513Z""",2026-07-17T14:49:08.513200,success,200,,,,"Successfully connected to PostgreSQL 17.6 on x86_64-pc-linux-gnu, compiled by gcc (GCC) 15.2.0, 64-bit",{},[],postgrest,0,null,[],null
d7cb1186-d88e-41ab-9f78-dd309ada1732,"""2026-07-17T14:49:08.513Z""",2026-07-17T14:49:08.513200,success,200,,,,Connection Pool initialized with a maximum size of 10 connections,{},[],postgrest,0,null,[],null
f82a01e1-f4b2-4e3a-9fd1-1a4143036a9e,"""2026-07-17T14:49:08.502Z""",2026-07-17T14:49:08.502427,success,200,,,,Attempting to reconnect to the database in 32 seconds...,{},[],postgrest,0,null,[],null
aabb5310-afee-4d04-aa05-cb518b60015c,"""2026-07-17T14:48:36.500Z""",2026-07-17T14:48:36.500709,success,200,,,,"Failed to load the schema cache using db-schemas=pg_pgrst_no_exposed_schemas and db-extra-search-path=public,extensions. {""code"":""3F000"",""details"":null,""hint"":null,""message"":""schema \""pg_pgrst_no_exposed_schemas\"" does not exist""}",{},[],postgrest,0,null,[],null
947ac544-c8b5-465b-a08e-f7832fa9d198,"""2026-07-17T14:48:36.487Z""",2026-07-17T14:48:36.487813,success,200,,,,Config reloaded,{},[],postgrest,0,null,[],null
ef41c702-965e-46fd-bcb8-0097364a577c,"""2026-07-17T14:48:36.480Z""",2026-07-17T14:48:36.480704,success,200,,,,Connection Pool initialized with a maximum size of 10 connections,{},[],postgrest,0,null,[],null
8e6350d7-d846-4b9b-86f5-f4a06fc368db,"""2026-07-17T14:48:36.480Z""",2026-07-17T14:48:36.480704,success,200,,,,"Successfully connected to PostgreSQL 17.6 on x86_64-pc-linux-gnu, compiled by gcc (GCC) 15.2.0, 64-bit",{},[],postgrest,0,null,[],null
238a0580-c3de-4e13-a2a0-fa3fa4eec3e8,"""2026-07-17T14:48:36.469Z""",2026-07-17T14:48:36.469901,success,200,,,,Attempting to reconnect to the database in 32 seconds...,{},[],postgrest,0,null,[],null
6ac3b7dd-1656-4954-8cdb-8ba061b6e176,"""2026-07-17T14:48:04.468Z""",2026-07-17T14:48:04.468561,success,200,,,,"Failed to load the schema cache using db-schemas=pg_pgrst_no_exposed_schemas and db-extra-search-path=public,extensions. {""code"":""3F000"",""details"":null,""hint"":null,""message"":""schema \""pg_pgrst_no_exposed_schemas\"" does not exist""}",{},[],postgrest,0,null,[],null
0e39046d-c2b9-40e1-a309-666e11474c6f,"""2026-07-17T14:48:04.455Z""",2026-07-17T14:48:04.455955,success,200,,,,Config reloaded,{},[],postgrest,0,null,[],null
92301a8e-062c-48a6-aea3-ec63efc51f8f,"""2026-07-17T14:48:04.448Z""",2026-07-17T14:48:04.448491,success,200,,,,"Successfully connected to PostgreSQL 17.6 on x86_64-pc-linux-gnu, compiled by gcc (GCC) 15.2.0, 64-bit",{},[],postgrest,0,null,[],null
04648917-fc12-4471-972b-c37424ef7a0b,"""2026-07-17T14:48:04.448Z""",2026-07-17T14:48:04.448491,success,200,,,,Connection Pool initialized with a maximum size of 10 connections,{},[],postgrest,0,null,[],null
85bbea7f-357d-4755-b0d5-989b6a939686,"""2026-07-17T14:48:04.437Z""",2026-07-17T14:48:04.437606,success,200,,,,Attempting to reconnect to the database in 32 seconds...,{},[],postgrest,0,null,[],null
20c62180-4bef-43fd-964f-166889538969,"""2026-07-17T14:47:32.435Z""",2026-07-17T14:47:32.435889,success,200,,,,"Failed to load the schema cache using db-schemas=pg_pgrst_no_exposed_schemas and db-extra-search-path=public,extensions. {""code"":""3F000"",""details"":null,""hint"":null,""message"":""schema \""pg_pgrst_no_exposed_schemas\"" does not exist""}",{},[],postgrest,0,null,[],null
149c8451-eb53-4045-9bf0-cfaa90f8f984,"""2026-07-17T14:47:32.422Z""",2026-07-17T14:47:32.422977,success,200,,,,Config reloaded,{},[],postgrest,0,null,[],null
b2c19fe2-c988-41c3-a11f-ffb60bb35053,"""2026-07-17T14:47:32.415Z""",2026-07-17T14:47:32.415759,success,200,,,,"Successfully connected to PostgreSQL 17.6 on x86_64-pc-linux-gnu, compiled by gcc (GCC) 15.2.0, 64-bit",{},[],postgrest,0,null,[],null
b8181639-f28e-4b95-a0e4-fb540917f5ea,"""2026-07-17T14:47:32.415Z""",2026-07-17T14:47:32.415759,success,200,,,,Connection Pool initialized with a maximum size of 10 connections,{},[],postgrest,0,null,[],null
0c2be60b-2a9f-40c5-a1de-662713f9f4e7,"""2026-07-17T14:47:32.405Z""",2026-07-17T14:47:32.405244,success,200,,,,Attempting to reconnect to the database in 32 seconds...,{},[],postgrest,0,null,[],null
4a1bd7f3-a96f-44ac-9734-34d204cc5d0b,"""2026-07-17T14:47:00.403Z""",2026-07-17T14:47:00.403919,success,200,,,,"Failed to load the schema cache using db-schemas=pg_pgrst_no_exposed_schemas and db-extra-search-path=public,extensions. {""code"":""3F000"",""details"":null,""hint"":null,""message"":""schema \""pg_pgrst_no_exposed_schemas\"" does not exist""}",{},[],postgrest,0,null,[],null
875d1c94-b2d8-405e-a64b-0c7f4d3fda4d,"""2026-07-17T14:47:00.391Z""",2026-07-17T14:47:00.391110,success,200,,,,Config reloaded,{},[],postgrest,0,null,[],null
df5909c3-a091-45fa-acfc-b6487d2aa358,"""2026-07-17T14:47:00.383Z""",2026-07-17T14:47:00.383668,success,200,,,,"Successfully connected to PostgreSQL 17.6 on x86_64-pc-linux-gnu, compiled by gcc (GCC) 15.2.0, 64-bit",{},[],postgrest,0,null,[],null
6c8b547b-26a6-447c-91d4-4e2e3dc270b6,"""2026-07-17T14:47:00.383Z""",2026-07-17T14:47:00.383668,success,200,,,,Connection Pool initialized with a maximum size of 10 connections,{},[],postgrest,0,null,[],null
95d0b1ec-02ab-41a4-8fea-af81b94d4b38,"""2026-07-17T14:47:00.372Z""",2026-07-17T14:47:00.372760,success,200,,,,Attempting to reconnect to the database in 32 seconds...,{},[],postgrest,0,null,[],null
bcb4277a-fec4-452b-b1e4-f41cbb15a591,"""2026-07-17T14:46:28.371Z""",2026-07-17T14:46:28.371460,success,200,,,,"Failed to load the schema cache using db-schemas=pg_pgrst_no_exposed_schemas and db-extra-search-path=public,extensions. {""code"":""3F000"",""details"":null,""hint"":null,""message"":""schema \""pg_pgrst_no_exposed_schemas\"" does not exist""}",{},[],postgrest,0,null,[],null
899c2879-d635-4ce1-a4fc-676dfbc63fa4,"""2026-07-17T14:46:28.358Z""",2026-07-17T14:46:28.358324,success,200,,,,Config reloaded,{},[],postgrest,0,null,[],null
fba3ec62-6bec-4eca-975e-49b5159a9366,"""2026-07-17T14:46:28.351Z""",2026-07-17T14:46:28.351041,success,200,,,,"Successfully connected to PostgreSQL 17.6 on x86_64-pc-linux-gnu, compiled by gcc (GCC) 15.2.0, 64-bit",{},[],postgrest,0,null,[],null
c6204bbf-bb66-4fc2-8c8a-5a89a096f3ab,"""2026-07-17T14:46:28.351Z""",2026-07-17T14:46:28.351041,success,200,,,,Connection Pool initialized with a maximum size of 10 connections,{},[],postgrest,0,null,[],null
855cf23e-9b76-4be5-9f26-025b6d1bd07a,"""2026-07-17T14:46:28.340Z""",2026-07-17T14:46:28.340006,success,200,,,,Attempting to reconnect to the database in 32 seconds...,{},[],postgrest,0,null,[],null
49b3a599-9a9f-415a-9851-69caad83ae90,"""2026-07-17T14:45:56.338Z""",2026-07-17T14:45:56.338298,success,200,,,,"Failed to load the schema cache using db-schemas=pg_pgrst_no_exposed_schemas and db-extra-search-path=public,extensions. {""code"":""3F000"",""details"":null,""hint"":null,""message"":""schema \""pg_pgrst_no_exposed_schemas\"" does not exist""}",{},[],postgrest,0,null,[],null
018ccdc7-c059-4a08-b0e9-edf846a9c1b4,"""2026-07-17T14:45:56.325Z""",2026-07-17T14:45:56.325238,success,200,,,,Config reloaded,{},[],postgrest,0,null,[],null
05c463eb-ea99-4c2b-aab7-597449da0457,"""2026-07-17T14:45:56.317Z""",2026-07-17T14:45:56.317637,success,200,,,,Connection Pool initialized with a maximum size of 10 connections,{},[],postgrest,0,null,[],null
40ae5959-f132-4f81-8606-2b2a4a30302b,"""2026-07-17T14:45:56.317Z""",2026-07-17T14:45:56.317637,success,200,,,,"Successfully connected to PostgreSQL 17.6 on x86_64-pc-linux-gnu, compiled by gcc (GCC) 15.2.0, 64-bit",{},[],postgrest,0,null,[],null
02a15320-b08d-4b91-9a38-eed068b7a387,"""2026-07-17T14:45:56.306Z""",2026-07-17T14:45:56.306749,success,200,,,,Attempting to reconnect to the database in 32 seconds...,{},[],postgrest,0,null,[],null
1550aa2c-ed08-45ce-aadd-64b951e374a5,"""2026-07-17T14:45:24.305Z""",2026-07-17T14:45:24.305198,success,200,,,,"Failed to load the schema cache using db-schemas=pg_pgrst_no_exposed_schemas and db-extra-search-path=public,extensions. {""code"":""3F000"",""details"":null,""hint"":null,""message"":""schema \""pg_pgrst_no_exposed_schemas\"" does not exist""}",{},[],postgrest,0,null,[],null
ff7dc6c9-24ec-4981-9a4a-3f665d159cdc,"""2026-07-17T14:45:24.292Z""",2026-07-17T14:45:24.292105,success,200,,,,Config reloaded,{},[],postgrest,0,null,[],null
e41729bc-7f24-4aed-ac6f-de6c3da76170,"""2026-07-17T14:45:24.284Z""",2026-07-17T14:45:24.284760,success,200,,,,"Successfully connected to PostgreSQL 17.6 on x86_64-pc-linux-gnu, compiled by gcc (GCC) 15.2.0, 64-bit",{},[],postgrest,0,null,[],null
187e9ce6-aa6a-482f-860f-5d46839334a9,"""2026-07-17T14:45:24.284Z""",2026-07-17T14:45:24.284760,success,200,,,,Connection Pool initialized with a maximum size of 10 connections,{},[],postgrest,0,null,[],null
92e52cff-c540-4c91-9d03-e5e5fc533c51,"""2026-07-17T14:45:24.273Z""",2026-07-17T14:45:24.273704,success,200,,,,Attempting to reconnect to the database in 32 seconds...,{},[],postgrest,0,null,[],null
8e80caba-c403-4c19-9321-b610101b264c,"""2026-07-17T14:44:52.271Z""",2026-07-17T14:44:52.271733,success,200,,,,"Failed to load the schema cache using db-schemas=pg_pgrst_no_exposed_schemas and db-extra-search-path=public,extensions. {""code"":""3F000"",""details"":null,""hint"":null,""message"":""schema \""pg_pgrst_no_exposed_schemas\"" does not exist""}",{},[],postgrest,0,null,[],null
1d7abdc9-2fb6-4f33-9bc0-dbf66a2c9962,"""2026-07-17T14:44:52.258Z""",2026-07-17T14:44:52.258813,success,200,,,,Config reloaded,{},[],postgrest,0,null,[],null
54a17fee-85bf-444f-a0af-c09daacac360,"""2026-07-17T14:44:52.251Z""",2026-07-17T14:44:52.251292,success,200,,,,"Successfully connected to PostgreSQL 17.6 on x86_64-pc-linux-gnu, compiled by gcc (GCC) 15.2.0, 64-bit",{},[],postgrest,0,null,[],null
31c3c6cd-3cda-4abf-9bf2-72c6a826278a,"""2026-07-17T14:44:52.251Z""",2026-07-17T14:44:52.251292,success,200,,,,Connection Pool initialized with a maximum size of 10 connections,{},[],postgrest,0,null,[],null
b1659a92-66d1-4da2-89e7-b4456d2b5528,"""2026-07-17T14:44:52.240Z""",2026-07-17T14:44:52.240477,success,200,,,,Attempting to reconnect to the database in 32 seconds...,{},[],postgrest,0,null,[],null